meae_id,type,congress,state,geography,level,election_id,county,county_ahcb,county_fips,candidate,candidate_id,party,vote
meae.congressional.congress09.nc.county,congressional,9,NC,county,state,nc.uscongress1.1804,Camden,ncs_camden,37029,"Wynns, Thomas",WT0142,Democratic-Republican,0
meae.congressional.congress09.nc.county,congressional,9,NC,county,state,nc.uscongress1.1804,Chowan,ncs_chowan,37041,"Wynns, Thomas",WT0142,Democratic-Republican,271
meae.congressional.congress09.nc.county,congressional,9,NC,county,state,nc.uscongress1.1804,Currituck,ncs_currituck,37053,"Wynns, Thomas",WT0142,Democratic-Republican,0
meae.congressional.congress09.nc.county,congressional,9,NC,county,state,nc.uscongress1.1804,Gates,ncs_gates,37073,"Wynns, Thomas",WT0142,Democratic-Republican,0
meae.congressional.congress09.nc.county,congressional,9,NC,county,state,nc.uscongress1.1804,Hertford,ncs_hertford,37091,"Wynns, Thomas",WT0142,Democratic-Republican,0
meae.congressional.congress09.nc.county,congressional,9,NC,county,state,nc.uscongress1.1804,Pasquotank,ncs_pasquotank,37139,"Wynns, Thomas",WT0142,Democratic-Republican,0
meae.congressional.congress09.nc.county,congressional,9,NC,county,state,nc.uscongress1.1804,Perquimans,ncs_perquimans,37143,"Wynns, Thomas",WT0142,Democratic-Republican,140
meae.congressional.congress09.nc.county,congressional,9,NC,county,state,nc.uscongress1.1804,Camden,ncs_camden,37029,"Harvey, Thomas",HT0023,NA,0
meae.congressional.congress09.nc.county,congressional,9,NC,county,state,nc.uscongress1.1804,Chowan,ncs_chowan,37041,"Harvey, Thomas",HT0023,NA,0
meae.congressional.congress09.nc.county,congressional,9,NC,county,state,nc.uscongress1.1804,Currituck,ncs_currituck,37053,"Harvey, Thomas",HT0023,NA,0
meae.congressional.congress09.nc.county,congressional,9,NC,county,state,nc.uscongress1.1804,Gates,ncs_gates,37073,"Harvey, Thomas",HT0023,NA,0
meae.congressional.congress09.nc.county,congressional,9,NC,county,state,nc.uscongress1.1804,Hertford,ncs_hertford,37091,"Harvey, Thomas",HT0023,NA,0
meae.congressional.congress09.nc.county,congressional,9,NC,county,state,nc.uscongress1.1804,Pasquotank,ncs_pasquotank,37139,"Harvey, Thomas",HT0023,NA,0
meae.congressional.congress09.nc.county,congressional,9,NC,county,state,nc.uscongress1.1804,Perquimans,ncs_perquimans,37143,"Harvey, Thomas",HT0023,NA,94
meae.congressional.congress09.nc.county,congressional,9,NC,county,state,nc.uscongress10.1804,Cabarrus,ncs_cabarrus,37025,"Alexander, Nathaniel",AN0006,Democratic-Republican,0
meae.congressional.congress09.nc.county,congressional,9,NC,county,state,nc.uscongress10.1804,Mecklenburg,ncs_mecklenburg,37119,"Alexander, Nathaniel",AN0006,Democratic-Republican,0
meae.congressional.congress09.nc.county,congressional,9,NC,county,state,nc.uscongress10.1804,Rowan,ncs_rowan,37159,"Alexander, Nathaniel",AN0006,Democratic-Republican,0
meae.congressional.congress09.nc.county,congressional,9,NC,county,state,nc.uscongress11.1804,Buncombe,ncs_buncombe,37021,"Holland, James",HJ0602,Democratic-Republican,0
meae.congressional.congress09.nc.county,congressional,9,NC,county,state,nc.uscongress11.1804,Burke,ncs_burke,37023,"Holland, James",HJ0602,Democratic-Republican,0
meae.congressional.congress09.nc.county,congressional,9,NC,county,state,nc.uscongress11.1804,Lincoln,ncs_lincoln,37109,"Holland, James",HJ0602,Democratic-Republican,0
meae.congressional.congress09.nc.county,congressional,9,NC,county,state,nc.uscongress11.1804,Rutherford,ncs_rutherford,37161,"Holland, James",HJ0602,Democratic-Republican,685
meae.congressional.congress09.nc.county,congressional,9,NC,county,state,nc.uscongress12.1804,Ashe,ncs_ashe,37009,"Franklin, Meshack",FM0021,Democratic-Republican,158
meae.congressional.congress09.nc.county,congressional,9,NC,county,state,nc.uscongress12.1804,Iredell,ncs_iredell,37097,"Franklin, Meshack",FM0021,Democratic-Republican,282
meae.congressional.congress09.nc.county,congressional,9,NC,county,state,nc.uscongress12.1804,Stokes,ncs_stokes,37169,"Franklin, Meshack",FM0021,Democratic-Republican,217
meae.congressional.congress09.nc.county,congressional,9,NC,county,state,nc.uscongress12.1804,Surry,ncs_surry,37171,"Franklin, Meshack",FM0021,Democratic-Republican,716
meae.congressional.congress09.nc.county,congressional,9,NC,county,state,nc.uscongress12.1804,Wilkes,ncs_wilkes,37193,"Franklin, Meshack",FM0021,Democratic-Republican,646
meae.congressional.congress09.nc.county,congressional,9,NC,county,state,nc.uscongress12.1804,Ashe,ncs_ashe,37009,"Winston, Joseph",WJ0494,Democratic-Republican,283
meae.congressional.congress09.nc.county,congressional,9,NC,county,state,nc.uscongress12.1804,Iredell,ncs_iredell,37097,"Winston, Joseph",WJ0494,Democratic-Republican,381
meae.congressional.congress09.nc.county,congressional,9,NC,county,state,nc.uscongress12.1804,Stokes,ncs_stokes,37169,"Winston, Joseph",WJ0494,Democratic-Republican,1040
meae.congressional.congress09.nc.county,congressional,9,NC,county,state,nc.uscongress12.1804,Surry,ncs_surry,37171,"Winston, Joseph",WJ0494,Democratic-Republican,655
meae.congressional.congress09.nc.county,congressional,9,NC,county,state,nc.uscongress12.1804,Wilkes,ncs_wilkes,37193,"Winston, Joseph",WJ0494,Democratic-Republican,322
meae.congressional.congress09.nc.county,congressional,9,NC,county,state,nc.uscongress2.1804,Bertie,ncs_bertie,37015,"Alston, Willis",AW0047,Democratic-Republican,433
meae.congressional.congress09.nc.county,congressional,9,NC,county,state,nc.uscongress2.1804,Halifax,ncs_halifax,37083,"Alston, Willis",AW0047,Democratic-Republican,962
meae.congressional.congress09.nc.county,congressional,9,NC,county,state,nc.uscongress2.1804,Martin,ncs_martin,37117,"Alston, Willis",AW0047,Democratic-Republican,256
meae.congressional.congress09.nc.county,congressional,9,NC,county,state,nc.uscongress2.1804,Northampton,ncs_northampton,37131,"Alston, Willis",AW0047,Democratic-Republican,218
meae.congressional.congress09.nc.county,congressional,9,NC,county,state,nc.uscongress2.1804,Bertie,ncs_bertie,37015,"Binford, John M.",BJ0791,Federalist,92
meae.congressional.congress09.nc.county,congressional,9,NC,county,state,nc.uscongress2.1804,Halifax,ncs_halifax,37083,"Binford, John M.",BJ0791,Federalist,145
meae.congressional.congress09.nc.county,congressional,9,NC,county,state,nc.uscongress2.1804,Martin,ncs_martin,37117,"Binford, John M.",BJ0791,Federalist,9
meae.congressional.congress09.nc.county,congressional,9,NC,county,state,nc.uscongress2.1804,Northampton,ncs_northampton,37131,"Binford, John M.",BJ0791,Federalist,334
meae.congressional.congress09.nc.county,congressional,9,NC,county,state,nc.uscongress2.1804,Bertie,ncs_bertie,37015,"Davie, William R.",DW0110,Federalist,40
meae.congressional.congress09.nc.county,congressional,9,NC,county,state,nc.uscongress2.1804,Halifax,ncs_halifax,37083,"Davie, William R.",DW0110,Federalist,57
meae.congressional.congress09.nc.county,congressional,9,NC,county,state,nc.uscongress2.1804,Martin,ncs_martin,37117,"Davie, William R.",DW0110,Federalist,257
meae.congressional.congress09.nc.county,congressional,9,NC,county,state,nc.uscongress2.1804,Northampton,ncs_northampton,37131,"Davie, William R.",DW0110,Federalist,4
meae.congressional.congress09.nc.county,congressional,9,NC,county,state,nc.uscongress2.1804,Bertie,ncs_bertie,37015,"Jaycocks, Jonathan",JJ0084,NA,0
meae.congressional.congress09.nc.county,congressional,9,NC,county,state,nc.uscongress2.1804,Halifax,ncs_halifax,37083,"Jaycocks, Jonathan",JJ0084,NA,0
meae.congressional.congress09.nc.county,congressional,9,NC,county,state,nc.uscongress2.1804,Martin,ncs_martin,37117,"Jaycocks, Jonathan",JJ0084,NA,0
meae.congressional.congress09.nc.county,congressional,9,NC,county,state,nc.uscongress2.1804,Northampton,ncs_northampton,37131,"Jaycocks, Jonathan",JJ0084,NA,0
meae.congressional.congress09.nc.county,congressional,9,NC,county,state,nc.uscongress3.1804,Beaufort,ncs_beaufort,37013,"Blount, Thomas",BT0194,Democratic-Republican,306
meae.congressional.congress09.nc.county,congressional,9,NC,county,state,nc.uscongress3.1804,Edgecombe,ncs_edgecombe,37065,"Blount, Thomas",BT0194,Democratic-Republican,941
meae.congressional.congress09.nc.county,congressional,9,NC,county,state,nc.uscongress3.1804,Hyde,ncs_hyde,37095,"Blount, Thomas",BT0194,Democratic-Republican,269
meae.congressional.congress09.nc.county,congressional,9,NC,county,state,nc.uscongress3.1804,Pitt,ncs_pitt,37147,"Blount, Thomas",BT0194,Democratic-Republican,223
meae.congressional.congress09.nc.county,congressional,9,NC,county,state,nc.uscongress3.1804,Tyrrell,ncs_tyrrell,37177,"Blount, Thomas",BT0194,Democratic-Republican,54
meae.congressional.congress09.nc.county,congressional,9,NC,county,state,nc.uscongress3.1804,Washington,ncs_washington,37187,"Blount, Thomas",BT0194,Democratic-Republican,61
meae.congressional.congress09.nc.county,congressional,9,NC,county,state,nc.uscongress3.1804,Washington,tns_washington,47179,"Blount, Thomas",BT0194,Democratic-Republican,61
meae.congressional.congress09.nc.county,congressional,9,NC,county,state,nc.uscongress3.1804,Beaufort,ncs_beaufort,37013,"Kennedy, William",KW0059,Federalist,413
meae.congressional.congress09.nc.county,congressional,9,NC,county,state,nc.uscongress3.1804,Edgecombe,ncs_edgecombe,37065,"Kennedy, William",KW0059,Federalist,38
meae.congressional.congress09.nc.county,congressional,9,NC,county,state,nc.uscongress3.1804,Hyde,ncs_hyde,37095,"Kennedy, William",KW0059,Federalist,296
meae.congressional.congress09.nc.county,congressional,9,NC,county,state,nc.uscongress3.1804,Pitt,ncs_pitt,37147,"Kennedy, William",KW0059,Federalist,477
meae.congressional.congress09.nc.county,congressional,9,NC,county,state,nc.uscongress3.1804,Tyrrell,ncs_tyrrell,37177,"Kennedy, William",KW0059,Federalist,276
meae.congressional.congress09.nc.county,congressional,9,NC,county,state,nc.uscongress3.1804,Washington,ncs_washington,37187,"Kennedy, William",KW0059,Federalist,255
meae.congressional.congress09.nc.county,congressional,9,NC,county,state,nc.uscongress3.1804,Washington,tns_washington,47179,"Kennedy, William",KW0059,Federalist,255
meae.congressional.congress09.nc.county,congressional,9,NC,county,state,nc.uscongress4.1804,Carteret,ncs_carteret,37031,"Blackledge, William",BW0216,Democratic-Republican,196
meae.congressional.congress09.nc.county,congressional,9,NC,county,state,nc.uscongress4.1804,Craven,ncs_craven,37049,"Blackledge, William",BW0216,Democratic-Republican,413
meae.congressional.congress09.nc.county,congressional,9,NC,county,state,nc.uscongress4.1804,Greene,ncs_greene,37079,"Blackledge, William",BW0216,Democratic-Republican,210
meae.congressional.congress09.nc.county,congressional,9,NC,county,state,nc.uscongress4.1804,Greene,tns_greene,47059,"Blackledge, William",BW0216,Democratic-Republican,210
meae.congressional.congress09.nc.county,congressional,9,NC,county,state,nc.uscongress4.1804,Johnston,ncs_johnston,37101,"Blackledge, William",BW0216,Democratic-Republican,364
meae.congressional.congress09.nc.county,congressional,9,NC,county,state,nc.uscongress4.1804,Jones,ncs_jones,37103,"Blackledge, William",BW0216,Democratic-Republican,108
meae.congressional.congress09.nc.county,congressional,9,NC,county,state,nc.uscongress4.1804,Lenoir,ncs_lenoir,37107,"Blackledge, William",BW0216,Democratic-Republican,273
meae.congressional.congress09.nc.county,congressional,9,NC,county,state,nc.uscongress4.1804,Wayne,ncs_wayne,37191,"Blackledge, William",BW0216,Democratic-Republican,598
meae.congressional.congress09.nc.county,congressional,9,NC,county,state,nc.uscongress4.1804,Carteret,ncs_carteret,37031,"Stanley, John",SJ0834,Federalist,0
meae.congressional.congress09.nc.county,congressional,9,NC,county,state,nc.uscongress4.1804,Craven,ncs_craven,37049,"Stanley, John",SJ0834,Federalist,0
meae.congressional.congress09.nc.county,congressional,9,NC,county,state,nc.uscongress4.1804,Greene,ncs_greene,37079,"Stanley, John",SJ0834,Federalist,0
meae.congressional.congress09.nc.county,congressional,9,NC,county,state,nc.uscongress4.1804,Greene,tns_greene,47059,"Stanley, John",SJ0834,Federalist,0
meae.congressional.congress09.nc.county,congressional,9,NC,county,state,nc.uscongress4.1804,Johnston,ncs_johnston,37101,"Stanley, John",SJ0834,Federalist,6
meae.congressional.congress09.nc.county,congressional,9,NC,county,state,nc.uscongress4.1804,Jones,ncs_jones,37103,"Stanley, John",SJ0834,Federalist,0
meae.congressional.congress09.nc.county,congressional,9,NC,county,state,nc.uscongress4.1804,Lenoir,ncs_lenoir,37107,"Stanley, John",SJ0834,Federalist,17
meae.congressional.congress09.nc.county,congressional,9,NC,county,state,nc.uscongress4.1804,Wayne,ncs_wayne,37191,"Stanley, John",SJ0834,Federalist,54
meae.congressional.congress09.nc.county,congressional,9,NC,county,state,nc.uscongress5.specialelection.1805,Bladen,ncs_bladen,37017,"Kenan, Thomas",KT0049,Democratic-Republican,378
meae.congressional.congress09.nc.county,congressional,9,NC,county,state,nc.uscongress5.specialelection.1805,Bladen,ncs_bladen,37017,"Kenan, Thomas",KT0049,Democratic-Republican,378
meae.congressional.congress09.nc.county,congressional,9,NC,county,state,nc.uscongress5.specialelection.1805,Bladen,ncs_bladen,37017,"Kenan, Thomas",KT0049,Democratic-Republican,378
meae.congressional.congress09.nc.county,congressional,9,NC,county,state,nc.uscongress5.specialelection.1805,Bladen,ncs_bladen,37017,"Kenan, Thomas",KT0049,Democratic-Republican,378
meae.congressional.congress09.nc.county,congressional,9,NC,county,state,nc.uscongress5.specialelection.1805,Bladen,ncs_bladen,37017,"Kenan, Thomas",KT0049,Democratic-Republican,378
meae.congressional.congress09.nc.county,congressional,9,NC,county,state,nc.uscongress5.specialelection.1805,Bladen,ncs_bladen,37017,"Kenan, Thomas",KT0049,Democratic-Republican,378
meae.congressional.congress09.nc.county,congressional,9,NC,county,state,nc.uscongress5.specialelection.1805,Bladen,ncs_bladen,37017,"Kenan, Thomas",KT0049,Democratic-Republican,378
meae.congressional.congress09.nc.county,congressional,9,NC,county,state,nc.uscongress5.specialelection.1805,Bladen,ncs_bladen,37017,"Kenan, Thomas",KT0049,Democratic-Republican,378
meae.congressional.congress09.nc.county,congressional,9,NC,county,state,nc.uscongress5.specialelection.1805,Bladen,ncs_bladen,37017,"Kenan, Thomas",KT0049,Democratic-Republican,378
meae.congressional.congress09.nc.county,congressional,9,NC,county,state,nc.uscongress5.specialelection.1805,Bladen,ncs_bladen,37017,"Kenan, Thomas",KT0049,Democratic-Republican,378
meae.congressional.congress09.nc.county,congressional,9,NC,county,state,nc.uscongress5.specialelection.1805,Bladen,ncs_bladen,37017,"Kenan, Thomas",KT0049,Democratic-Republican,378
meae.congressional.congress09.nc.county,congressional,9,NC,county,state,nc.uscongress5.specialelection.1805,Bladen,ncs_bladen,37017,"Kenan, Thomas",KT0049,Democratic-Republican,378
meae.congressional.congress09.nc.county,congressional,9,NC,county,state,nc.uscongress5.specialelection.1805,Brunswick,ncs_brunswick,37019,"Kenan, Thomas",KT0049,Democratic-Republican,17
meae.congressional.congress09.nc.county,congressional,9,NC,county,state,nc.uscongress5.specialelection.1805,Brunswick,ncs_brunswick,37019,"Kenan, Thomas",KT0049,Democratic-Republican,17
meae.congressional.congress09.nc.county,congressional,9,NC,county,state,nc.uscongress5.specialelection.1805,Brunswick,ncs_brunswick,37019,"Kenan, Thomas",KT0049,Democratic-Republican,17
meae.congressional.congress09.nc.county,congressional,9,NC,county,state,nc.uscongress5.specialelection.1805,Brunswick,ncs_brunswick,37019,"Kenan, Thomas",KT0049,Democratic-Republican,17
meae.congressional.congress09.nc.county,congressional,9,NC,county,state,nc.uscongress5.specialelection.1805,Brunswick,ncs_brunswick,37019,"Kenan, Thomas",KT0049,Democratic-Republican,17
meae.congressional.congress09.nc.county,congressional,9,NC,county,state,nc.uscongress5.specialelection.1805,Brunswick,ncs_brunswick,37019,"Kenan, Thomas",KT0049,Democratic-Republican,17
meae.congressional.congress09.nc.county,congressional,9,NC,county,state,nc.uscongress5.specialelection.1805,Brunswick,ncs_brunswick,37019,"Kenan, Thomas",KT0049,Democratic-Republican,17
meae.congressional.congress09.nc.county,congressional,9,NC,county,state,nc.uscongress5.specialelection.1805,Brunswick,ncs_brunswick,37019,"Kenan, Thomas",KT0049,Democratic-Republican,17
meae.congressional.congress09.nc.county,congressional,9,NC,county,state,nc.uscongress5.specialelection.1805,Duplin,ncs_duplin,37061,"Kenan, Thomas",KT0049,Democratic-Republican,854
meae.congressional.congress09.nc.county,congressional,9,NC,county,state,nc.uscongress5.specialelection.1805,Duplin,ncs_duplin,37061,"Kenan, Thomas",KT0049,Democratic-Republican,854
meae.congressional.congress09.nc.county,congressional,9,NC,county,state,nc.uscongress5.specialelection.1805,Duplin,ncs_duplin,37061,"Kenan, Thomas",KT0049,Democratic-Republican,854
meae.congressional.congress09.nc.county,congressional,9,NC,county,state,nc.uscongress5.specialelection.1805,Duplin,ncs_duplin,37061,"Kenan, Thomas",KT0049,Democratic-Republican,854
meae.congressional.congress09.nc.county,congressional,9,NC,county,state,nc.uscongress5.specialelection.1805,New Hanover,ncs_newhanover,37129,"Kenan, Thomas",KT0049,Democratic-Republican,375
meae.congressional.congress09.nc.county,congressional,9,NC,county,state,nc.uscongress5.specialelection.1805,New Hanover,ncs_newhanover,37129,"Kenan, Thomas",KT0049,Democratic-Republican,375
meae.congressional.congress09.nc.county,congressional,9,NC,county,state,nc.uscongress5.specialelection.1805,New Hanover,ncs_newhanover,37129,"Kenan, Thomas",KT0049,Democratic-Republican,375
meae.congressional.congress09.nc.county,congressional,9,NC,county,state,nc.uscongress5.specialelection.1805,New Hanover,ncs_newhanover,37129,"Kenan, Thomas",KT0049,Democratic-Republican,375
meae.congressional.congress09.nc.county,congressional,9,NC,county,state,nc.uscongress5.specialelection.1805,New Hanover,ncs_newhanover,37129,"Kenan, Thomas",KT0049,Democratic-Republican,375
meae.congressional.congress09.nc.county,congressional,9,NC,county,state,nc.uscongress5.specialelection.1805,New Hanover,ncs_newhanover,37129,"Kenan, Thomas",KT0049,Democratic-Republican,375
meae.congressional.congress09.nc.county,congressional,9,NC,county,state,nc.uscongress5.specialelection.1805,New Hanover,ncs_newhanover,37129,"Kenan, Thomas",KT0049,Democratic-Republican,375
meae.congressional.congress09.nc.county,congressional,9,NC,county,state,nc.uscongress5.specialelection.1805,Onslow,ncs_onslow,37133,"Kenan, Thomas",KT0049,Democratic-Republican,128
meae.congressional.congress09.nc.county,congressional,9,NC,county,state,nc.uscongress5.specialelection.1805,Sampson,ncs_sampson,37163,"Kenan, Thomas",KT0049,Democratic-Republican,568
meae.congressional.congress09.nc.county,congressional,9,NC,county,state,nc.uscongress5.specialelection.1805,Sampson,ncs_sampson,37163,"Kenan, Thomas",KT0049,Democratic-Republican,568
meae.congressional.congress09.nc.county,congressional,9,NC,county,state,nc.uscongress5.specialelection.1805,Sampson,ncs_sampson,37163,"Kenan, Thomas",KT0049,Democratic-Republican,568
meae.congressional.congress09.nc.county,congressional,9,NC,county,state,nc.uscongress5.specialelection.1805,Sampson,ncs_sampson,37163,"Kenan, Thomas",KT0049,Democratic-Republican,568
meae.congressional.congress09.nc.county,congressional,9,NC,county,state,nc.uscongress5.specialelection.1805,Bladen,ncs_bladen,37017,"Smith, Benjamin",SB0058,Democratic-Republican,216
meae.congressional.congress09.nc.county,congressional,9,NC,county,state,nc.uscongress5.specialelection.1805,Bladen,ncs_bladen,37017,"Smith, Benjamin",SB0058,Democratic-Republican,216
meae.congressional.congress09.nc.county,congressional,9,NC,county,state,nc.uscongress5.specialelection.1805,Bladen,ncs_bladen,37017,"Smith, Benjamin",SB0058,Democratic-Republican,216
meae.congressional.congress09.nc.county,congressional,9,NC,county,state,nc.uscongress5.specialelection.1805,Bladen,ncs_bladen,37017,"Smith, Benjamin",SB0058,Democratic-Republican,216
meae.congressional.congress09.nc.county,congressional,9,NC,county,state,nc.uscongress5.specialelection.1805,Bladen,ncs_bladen,37017,"Smith, Benjamin",SB0058,Democratic-Republican,216
meae.congressional.congress09.nc.county,congressional,9,NC,county,state,nc.uscongress5.specialelection.1805,Bladen,ncs_bladen,37017,"Smith, Benjamin",SB0058,Democratic-Republican,216
meae.congressional.congress09.nc.county,congressional,9,NC,county,state,nc.uscongress5.specialelection.1805,Bladen,ncs_bladen,37017,"Smith, Benjamin",SB0058,Democratic-Republican,216
meae.congressional.congress09.nc.county,congressional,9,NC,county,state,nc.uscongress5.specialelection.1805,Bladen,ncs_bladen,37017,"Smith, Benjamin",SB0058,Democratic-Republican,216
meae.congressional.congress09.nc.county,congressional,9,NC,county,state,nc.uscongress5.specialelection.1805,Bladen,ncs_bladen,37017,"Smith, Benjamin",SB0058,Democratic-Republican,216
meae.congressional.congress09.nc.county,congressional,9,NC,county,state,nc.uscongress5.specialelection.1805,Bladen,ncs_bladen,37017,"Smith, Benjamin",SB0058,Democratic-Republican,216
meae.congressional.congress09.nc.county,congressional,9,NC,county,state,nc.uscongress5.specialelection.1805,Bladen,ncs_bladen,37017,"Smith, Benjamin",SB0058,Democratic-Republican,216
meae.congressional.congress09.nc.county,congressional,9,NC,county,state,nc.uscongress5.specialelection.1805,Bladen,ncs_bladen,37017,"Smith, Benjamin",SB0058,Democratic-Republican,216
meae.congressional.congress09.nc.county,congressional,9,NC,county,state,nc.uscongress5.specialelection.1805,Brunswick,ncs_brunswick,37019,"Smith, Benjamin",SB0058,Democratic-Republican,300
meae.congressional.congress09.nc.county,congressional,9,NC,county,state,nc.uscongress5.specialelection.1805,Brunswick,ncs_brunswick,37019,"Smith, Benjamin",SB0058,Democratic-Republican,300
meae.congressional.congress09.nc.county,congressional,9,NC,county,state,nc.uscongress5.specialelection.1805,Brunswick,ncs_brunswick,37019,"Smith, Benjamin",SB0058,Democratic-Republican,300
meae.congressional.congress09.nc.county,congressional,9,NC,county,state,nc.uscongress5.specialelection.1805,Brunswick,ncs_brunswick,37019,"Smith, Benjamin",SB0058,Democratic-Republican,300
meae.congressional.congress09.nc.county,congressional,9,NC,county,state,nc.uscongress5.specialelection.1805,Brunswick,ncs_brunswick,37019,"Smith, Benjamin",SB0058,Democratic-Republican,300
meae.congressional.congress09.nc.county,congressional,9,NC,county,state,nc.uscongress5.specialelection.1805,Brunswick,ncs_brunswick,37019,"Smith, Benjamin",SB0058,Democratic-Republican,300
meae.congressional.congress09.nc.county,congressional,9,NC,county,state,nc.uscongress5.specialelection.1805,Brunswick,ncs_brunswick,37019,"Smith, Benjamin",SB0058,Democratic-Republican,300
meae.congressional.congress09.nc.county,congressional,9,NC,county,state,nc.uscongress5.specialelection.1805,Brunswick,ncs_brunswick,37019,"Smith, Benjamin",SB0058,Democratic-Republican,300
meae.congressional.congress09.nc.county,congressional,9,NC,county,state,nc.uscongress5.specialelection.1805,Duplin,ncs_duplin,37061,"Smith, Benjamin",SB0058,Democratic-Republican,8
meae.congressional.congress09.nc.county,congressional,9,NC,county,state,nc.uscongress5.specialelection.1805,Duplin,ncs_duplin,37061,"Smith, Benjamin",SB0058,Democratic-Republican,8
meae.congressional.congress09.nc.county,congressional,9,NC,county,state,nc.uscongress5.specialelection.1805,Duplin,ncs_duplin,37061,"Smith, Benjamin",SB0058,Democratic-Republican,8
meae.congressional.congress09.nc.county,congressional,9,NC,county,state,nc.uscongress5.specialelection.1805,Duplin,ncs_duplin,37061,"Smith, Benjamin",SB0058,Democratic-Republican,8
meae.congressional.congress09.nc.county,congressional,9,NC,county,state,nc.uscongress5.specialelection.1805,New Hanover,ncs_newhanover,37129,"Smith, Benjamin",SB0058,Democratic-Republican,218
meae.congressional.congress09.nc.county,congressional,9,NC,county,state,nc.uscongress5.specialelection.1805,New Hanover,ncs_newhanover,37129,"Smith, Benjamin",SB0058,Democratic-Republican,218
meae.congressional.congress09.nc.county,congressional,9,NC,county,state,nc.uscongress5.specialelection.1805,New Hanover,ncs_newhanover,37129,"Smith, Benjamin",SB0058,Democratic-Republican,218
meae.congressional.congress09.nc.county,congressional,9,NC,county,state,nc.uscongress5.specialelection.1805,New Hanover,ncs_newhanover,37129,"Smith, Benjamin",SB0058,Democratic-Republican,218
meae.congressional.congress09.nc.county,congressional,9,NC,county,state,nc.uscongress5.specialelection.1805,New Hanover,ncs_newhanover,37129,"Smith, Benjamin",SB0058,Democratic-Republican,218
meae.congressional.congress09.nc.county,congressional,9,NC,county,state,nc.uscongress5.specialelection.1805,New Hanover,ncs_newhanover,37129,"Smith, Benjamin",SB0058,Democratic-Republican,218
meae.congressional.congress09.nc.county,congressional,9,NC,county,state,nc.uscongress5.specialelection.1805,New Hanover,ncs_newhanover,37129,"Smith, Benjamin",SB0058,Democratic-Republican,218
meae.congressional.congress09.nc.county,congressional,9,NC,county,state,nc.uscongress5.specialelection.1805,Onslow,ncs_onslow,37133,"Smith, Benjamin",SB0058,Democratic-Republican,170
meae.congressional.congress09.nc.county,congressional,9,NC,county,state,nc.uscongress5.specialelection.1805,Sampson,ncs_sampson,37163,"Smith, Benjamin",SB0058,Democratic-Republican,322
meae.congressional.congress09.nc.county,congressional,9,NC,county,state,nc.uscongress5.specialelection.1805,Sampson,ncs_sampson,37163,"Smith, Benjamin",SB0058,Democratic-Republican,322
meae.congressional.congress09.nc.county,congressional,9,NC,county,state,nc.uscongress5.specialelection.1805,Sampson,ncs_sampson,37163,"Smith, Benjamin",SB0058,Democratic-Republican,322
meae.congressional.congress09.nc.county,congressional,9,NC,county,state,nc.uscongress5.specialelection.1805,Sampson,ncs_sampson,37163,"Smith, Benjamin",SB0058,Democratic-Republican,322
meae.congressional.congress09.nc.county,congressional,9,NC,county,state,nc.uscongress6.1804,Franklin,ncs_franklin,37069,"Macon, Nathaniel",MN0068,Democratic-Republican,375
meae.congressional.congress09.nc.county,congressional,9,NC,county,state,nc.uscongress6.1804,Granville,ncs_granville,37077,"Macon, Nathaniel",MN0068,Democratic-Republican,527
meae.congressional.congress09.nc.county,congressional,9,NC,county,state,nc.uscongress6.1804,Nash,ncs_nash,37127,"Macon, Nathaniel",MN0068,Democratic-Republican,288
meae.congressional.congress09.nc.county,congressional,9,NC,county,state,nc.uscongress6.1804,Warren,ncs_warren,37185,"Macon, Nathaniel",MN0068,Democratic-Republican,661
meae.congressional.congress09.nc.county,congressional,9,NC,county,state,nc.uscongress6.1804,Franklin,ncs_franklin,37069,"Haywood, John",HJ0621,NA,0
meae.congressional.congress09.nc.county,congressional,9,NC,county,state,nc.uscongress6.1804,Granville,ncs_granville,37077,"Haywood, John",HJ0621,NA,1
meae.congressional.congress09.nc.county,congressional,9,NC,county,state,nc.uscongress6.1804,Nash,ncs_nash,37127,"Haywood, John",HJ0621,NA,0
meae.congressional.congress09.nc.county,congressional,9,NC,county,state,nc.uscongress6.1804,Warren,ncs_warren,37185,"Haywood, John",HJ0621,NA,0
meae.congressional.congress09.nc.county,congressional,9,NC,county,state,nc.uscongress7.1804,Anson,ncs_anson,37007,"Hay, John",HJ0601,Democratic-Republican,0
meae.congressional.congress09.nc.county,congressional,9,NC,county,state,nc.uscongress7.1804,Cumberland,ncs_cumberland,37051,"Hay, John",HJ0601,Democratic-Republican,12
meae.congressional.congress09.nc.county,congressional,9,NC,county,state,nc.uscongress7.1804,Montgomery,ncs_montgomery,37123,"Hay, John",HJ0601,Democratic-Republican,0
meae.congressional.congress09.nc.county,congressional,9,NC,county,state,nc.uscongress7.1804,Moore,ncs_moore,37125,"Hay, John",HJ0601,Democratic-Republican,0
meae.congressional.congress09.nc.county,congressional,9,NC,county,state,nc.uscongress7.1804,Richmond,ncs_richmond,37153,"Hay, John",HJ0601,Democratic-Republican,1
meae.congressional.congress09.nc.county,congressional,9,NC,county,state,nc.uscongress7.1804,Robeson,ncs_robeson,37155,"Hay, John",HJ0601,Democratic-Republican,10
meae.congressional.congress09.nc.county,congressional,9,NC,county,state,nc.uscongress7.1804,Anson,ncs_anson,37007,"MacFarland, Duncan",MD0119,Democratic-Republican,89
meae.congressional.congress09.nc.county,congressional,9,NC,county,state,nc.uscongress7.1804,Cumberland,ncs_cumberland,37051,"MacFarland, Duncan",MD0119,Democratic-Republican,514
meae.congressional.congress09.nc.county,congressional,9,NC,county,state,nc.uscongress7.1804,Montgomery,ncs_montgomery,37123,"MacFarland, Duncan",MD0119,Democratic-Republican,157
meae.congressional.congress09.nc.county,congressional,9,NC,county,state,nc.uscongress7.1804,Moore,ncs_moore,37125,"MacFarland, Duncan",MD0119,Democratic-Republican,256
meae.congressional.congress09.nc.county,congressional,9,NC,county,state,nc.uscongress7.1804,Richmond,ncs_richmond,37153,"MacFarland, Duncan",MD0119,Democratic-Republican,343
meae.congressional.congress09.nc.county,congressional,9,NC,county,state,nc.uscongress7.1804,Robeson,ncs_robeson,37155,"MacFarland, Duncan",MD0119,Democratic-Republican,671
meae.congressional.congress09.nc.county,congressional,9,NC,county,state,nc.uscongress7.1804,Anson,ncs_anson,37007,"Martin, William",MW0228,Federalist,35
meae.congressional.congress09.nc.county,congressional,9,NC,county,state,nc.uscongress7.1804,Cumberland,ncs_cumberland,37051,"Martin, William",MW0228,Federalist,607
meae.congressional.congress09.nc.county,congressional,9,NC,county,state,nc.uscongress7.1804,Montgomery,ncs_montgomery,37123,"Martin, William",MW0228,Federalist,289
meae.congressional.congress09.nc.county,congressional,9,NC,county,state,nc.uscongress7.1804,Moore,ncs_moore,37125,"Martin, William",MW0228,Federalist,523
meae.congressional.congress09.nc.county,congressional,9,NC,county,state,nc.uscongress7.1804,Richmond,ncs_richmond,37153,"Martin, William",MW0228,Federalist,52
meae.congressional.congress09.nc.county,congressional,9,NC,county,state,nc.uscongress7.1804,Robeson,ncs_robeson,37155,"Martin, William",MW0228,Federalist,211
meae.congressional.congress09.nc.county,congressional,9,NC,county,state,nc.uscongress7.1804,Anson,ncs_anson,37007,"Pickett, Joseph",PJ0334,Federalist,893
meae.congressional.congress09.nc.county,congressional,9,NC,county,state,nc.uscongress7.1804,Cumberland,ncs_cumberland,37051,"Pickett, Joseph",PJ0334,Federalist,47
meae.congressional.congress09.nc.county,congressional,9,NC,county,state,nc.uscongress7.1804,Montgomery,ncs_montgomery,37123,"Pickett, Joseph",PJ0334,Federalist,383
meae.congressional.congress09.nc.county,congressional,9,NC,county,state,nc.uscongress7.1804,Moore,ncs_moore,37125,"Pickett, Joseph",PJ0334,Federalist,8
meae.congressional.congress09.nc.county,congressional,9,NC,county,state,nc.uscongress7.1804,Richmond,ncs_richmond,37153,"Pickett, Joseph",PJ0334,Federalist,356
meae.congressional.congress09.nc.county,congressional,9,NC,county,state,nc.uscongress7.1804,Robeson,ncs_robeson,37155,"Pickett, Joseph",PJ0334,Federalist,63
meae.congressional.congress09.nc.county,congressional,9,NC,county,state,nc.uscongress8.1804,Chatham,ncs_chatham,37037,"Stanford, Richard",SR0175,Democratic-Republican,0
meae.congressional.congress09.nc.county,congressional,9,NC,county,state,nc.uscongress8.1804,Orange,ncs_orange,37135,"Stanford, Richard",SR0175,Democratic-Republican,0
meae.congressional.congress09.nc.county,congressional,9,NC,county,state,nc.uscongress8.1804,Wake,ncs_wake,37183,"Stanford, Richard",SR0175,Democratic-Republican,943
meae.congressional.congress09.nc.county,congressional,9,NC,county,state,nc.uscongress8.1804,Chatham,ncs_chatham,37037,"Cameron, Duncan",CD0126,NA,0
meae.congressional.congress09.nc.county,congressional,9,NC,county,state,nc.uscongress8.1804,Orange,ncs_orange,37135,"Cameron, Duncan",CD0126,NA,0
meae.congressional.congress09.nc.county,congressional,9,NC,county,state,nc.uscongress8.1804,Wake,ncs_wake,37183,"Cameron, Duncan",CD0126,NA,40
meae.congressional.congress09.nc.county,congressional,9,NC,county,state,nc.uscongress8.1804,Chatham,ncs_chatham,37037,"Hinton, John",HJ0664,NA,0
meae.congressional.congress09.nc.county,congressional,9,NC,county,state,nc.uscongress8.1804,Orange,ncs_orange,37135,"Hinton, John",HJ0664,NA,0
meae.congressional.congress09.nc.county,congressional,9,NC,county,state,nc.uscongress8.1804,Wake,ncs_wake,37183,"Hinton, John",HJ0664,NA,1
meae.congressional.congress09.nc.county,congressional,9,NC,county,state,nc.uscongress8.1804,Chatham,ncs_chatham,37037,"Murphy, Archibald D.",MA0168,NA,0
meae.congressional.congress09.nc.county,congressional,9,NC,county,state,nc.uscongress8.1804,Orange,ncs_orange,37135,"Murphy, Archibald D.",MA0168,NA,0
meae.congressional.congress09.nc.county,congressional,9,NC,county,state,nc.uscongress8.1804,Wake,ncs_wake,37183,"Murphy, Archibald D.",MA0168,NA,1
meae.congressional.congress09.nc.county,congressional,9,NC,county,state,nc.uscongress8.1804,Wake,ncs_wake,37183,NA,Other candidates,NA,4
meae.congressional.congress09.nc.county,congressional,9,NC,county,state,nc.uscongress9.1804,Caswell,ncs_caswell,37033,"Lacy, Theophilus",LT0067,Democratic-Republican,9
meae.congressional.congress09.nc.county,congressional,9,NC,county,state,nc.uscongress9.1804,Guilford,ncs_guilford,37081,"Lacy, Theophilus",LT0067,Democratic-Republican,0
meae.congressional.congress09.nc.county,congressional,9,NC,county,state,nc.uscongress9.1804,Person,ncs_person,37145,"Lacy, Theophilus",LT0067,Democratic-Republican,22
meae.congressional.congress09.nc.county,congressional,9,NC,county,state,nc.uscongress9.1804,Randolph,ncs_randolph,37151,"Lacy, Theophilus",LT0067,Democratic-Republican,0
meae.congressional.congress09.nc.county,congressional,9,NC,county,state,nc.uscongress9.1804,Rockingham,ncs_rockingham,37157,"Lacy, Theophilus",LT0067,Democratic-Republican,0
meae.congressional.congress09.nc.county,congressional,9,NC,county,state,nc.uscongress9.1804,Caswell,ncs_caswell,37033,"Williams, Marmaduke",WM0000,Democratic-Republican,679
meae.congressional.congress09.nc.county,congressional,9,NC,county,state,nc.uscongress9.1804,Guilford,ncs_guilford,37081,"Williams, Marmaduke",WM0000,Democratic-Republican,463
meae.congressional.congress09.nc.county,congressional,9,NC,county,state,nc.uscongress9.1804,Person,ncs_person,37145,"Williams, Marmaduke",WM0000,Democratic-Republican,529
meae.congressional.congress09.nc.county,congressional,9,NC,county,state,nc.uscongress9.1804,Randolph,ncs_randolph,37151,"Williams, Marmaduke",WM0000,Democratic-Republican,901
meae.congressional.congress09.nc.county,congressional,9,NC,county,state,nc.uscongress9.1804,Rockingham,ncs_rockingham,37157,"Williams, Marmaduke",WM0000,Democratic-Republican,607
meae.congressional.congress09.nc.county,congressional,9,NC,county,state,nc.uscongress9.1804,Caswell,ncs_caswell,37033,"Branson, Henry",BH0065,Federalist,1
meae.congressional.congress09.nc.county,congressional,9,NC,county,state,nc.uscongress9.1804,Guilford,ncs_guilford,37081,"Branson, Henry",BH0065,Federalist,0
meae.congressional.congress09.nc.county,congressional,9,NC,county,state,nc.uscongress9.1804,Person,ncs_person,37145,"Branson, Henry",BH0065,Federalist,5
meae.congressional.congress09.nc.county,congressional,9,NC,county,state,nc.uscongress9.1804,Randolph,ncs_randolph,37151,"Branson, Henry",BH0065,Federalist,0
meae.congressional.congress09.nc.county,congressional,9,NC,county,state,nc.uscongress9.1804,Rockingham,ncs_rockingham,37157,"Branson, Henry",BH0065,Federalist,0
